id;num_ligne_1;resort_2;resv_name_id_3;client_o_id_4;type_chb_5;confirmation_no_6;client_mdm_id_7;name_id_8;parent_resv_name_id_9;contact_id_10;agence_id_11;agence_nom_12;societe_id_13;groupe_id_14;num_bloc_15;type_resv_16;statut_resv_17;date_debut_resv_18;date_fin_resv_19;trunc_date_debut_resv_20;trunc_date_fin_resv_21;date_ann_resv_22;pseudo_room_yn_23;createur_resv_24;nom_createur_resv_25;code_garantie_26;flg_ded_27;code_pays_28;lib_pays_29;code_nationalite_30;lib_nationalite_31;code_source_32;lib_source_33;code_grand_source_34;code_origine_35;lib_origine_36;code_marche_37;lib_marche_38;code_grand_marche_39;lib_grand_marche_40;code_prix_41;categ_prix_42;lib_prix_43;num_chb_44;description_type_chb_45;code_type_chb_46;class_chb_47;caract_chb_48;type_chb_de_reservation_49;description_type_chb_de_resv_50;code_type_chb_de_resv_51;statut_de_reservation_52;circuit_distribution_53;circuit_distrib_user_regroup_54;num_crs_55;type_ref_crs_56;crs_insert_date_57;date_crea_resv_58;date_premier_59;statut_premier_60;date_dernier_61;statut_dernier_62;date_dernier_pseudo_63;statut_dernier_pseudo_64;diff_dt_crea_ann_65;diff_dt_arr_ann_66;leadtime_67;los_68;occupants_groupe_69;nb_nuitee_70;nb_nuitee_nn_ded_71;nb_resv_ann_72;nb_adu_73;nb_enf_74;nb_pers_day_u_75;nb_pers_arr_76;nb_pers_dep_77;nb_pers_ann_78;nb_pers_noshow_79;nb_chb_day_u_80;nb_chb_arr_81;nb_chb_dep_82;nb_chb_ann_83;nb_chb_noshow_84;revenu_net_chambre_85;revenu_taxe_chambre_86;revenu_net_chambre_global_87;revenu_taxe_chambre_global_88;revenu_net_bq_89;revenu_taxe_bq_90;revenu_net_bq_global_91;revenu_taxe_bq_global_92;revenu_net_extra_93;revenu_taxe_extra_94;revenu_net_extra_global_95;revenu_taxe_extra_global_96;revenu_net_total_97;revenu_taxe_total_98;revenu_net_total_global_99;revenu_taxe_total_global_100;prod_revenu_chambre_101;prod_revenu_bq_102;prod_revenu_extra_103;prod_revenu_total_104;prod_chambre_nb_nuitees_105;tech_create_date_106;tech_update_date_107;num_ligne_108;resort_109;resv_name_id_110;client_o_id_111;type_chb_112;confirmation_no_113;client_mdm_id_114;name_id_115;parent_resv_name_id_116;contact_id_117;agence_id_118;agence_nom_119;societe_id_120;groupe_id_121;num_bloc_122;type_resv_123;statut_resv_124;date_debut_resv_125;date_fin_resv_126;trunc_date_debut_resv_127;trunc_date_fin_resv_128;date_ann_resv_129;pseudo_room_yn_130;createur_resv_131;nom_createur_resv_132;code_garantie_133;flg_ded_134;code_pays_135;lib_pays_136;code_nationalite_137;lib_nationalite_138;code_source_139;lib_source_140;code_grand_source_141;code_origine_142;lib_origine_143;code_marche_144;lib_marche_145;code_grand_marche_146;lib_grand_marche_147;code_prix_148;categ_prix_149;lib_prix_150;num_chb_151;description_type_chb_152;code_type_chb_153;class_chb_154;caract_chb_155;type_chb_de_reservation_156;description_type_chb_de_resv_157;code_type_chb_de_resv_158;statut_de_reservation_159;circuit_distribution_160;circuit_distrib_user_regroup_161;num_crs_162;type_ref_crs_163;crs_insert_date_164;date_crea_resv_165;date_premier_166;statut_premier_167;date_dernier_168;statut_dernier_169;date_dernier_pseudo_170;statut_dernier_pseudo_171;diff_dt_crea_ann_172;diff_dt_arr_ann_173;leadtime_174;los_175;occupants_groupe_176;nb_nuitee_177;nb_nuitee_nn_ded_178;nb_resv_ann_179;nb_adu_180;nb_enf_181;nb_pers_day_u_182;nb_pers_arr_183;nb_pers_dep_184;nb_pers_ann_185;nb_pers_noshow_186;nb_chb_day_u_187;nb_chb_arr_188;nb_chb_dep_189;nb_chb_ann_190;nb_chb_noshow_191;revenu_net_chambre_192;revenu_taxe_chambre_193;revenu_net_chambre_global_194;revenu_taxe_chambre_global_195;revenu_net_bq_196;revenu_taxe_bq_197;revenu_net_bq_global_198;revenu_taxe_bq_global_199;revenu_net_extra_200;revenu_taxe_extra_201;revenu_net_extra_global_202;revenu_taxe_extra_global_203;revenu_net_total_204;revenu_taxe_total_205;revenu_net_total_global_206;revenu_taxe_total_global_207;prod_revenu_chambre_208;prod_revenu_bq_209;prod_revenu_extra_210;prod_revenu_total_211;prod_chambre_nb_nuitees_212;tech_create_date_213;tech_update_date_214;num_ligne_215;resort_216;resv_name_id_217;client_o_id_218;type_chb_219;confirmation_no_220;client_mdm_id_221;name_id_222;parent_resv_name_id_223;contact_id_224;agence_id_225;agence_nom_226;societe_id_227;groupe_id_228;num_bloc_229;type_resv_230;statut_resv_231;date_debut_resv_232;date_fin_resv_233;trunc_date_debut_resv_234;trunc_date_fin_resv_235;date_ann_resv_236;pseudo_room_yn_237;createur_resv_238;nom_createur_resv_239;code_garantie_240;flg_ded_241;code_pays_242;lib_pays_243;code_nationalite_244;lib_nationalite_245;code_source_246;lib_source_247;code_grand_source_248;code_origine_249;lib_origine_250;code_marche_251;lib_marche_252;code_grand_marche_253;lib_grand_marche_254;code_prix_255;categ_prix_256;lib_prix_257;num_chb_258;description_type_chb_259;code_type_chb_260;class_chb_261;caract_chb_262;type_chb_de_reservation_263;description_type_chb_de_resv_264;code_type_chb_de_resv_265;statut_de_reservation_266;circuit_distribution_267;circuit_distrib_user_regroup_268;num_crs_269;type_ref_crs_270;crs_insert_date_271;date_crea_resv_272;date_premier_273;statut_premier_274;date_dernier_275;statut_dernier_276;date_dernier_pseudo_277;statut_dernier_pseudo_278;diff_dt_crea_ann_279;diff_dt_arr_ann_280;leadtime_281;los_282;occupants_groupe_283;nb_nuitee_284;nb_nuitee_nn_ded_285;nb_resv_ann_286;nb_adu_287;nb_enf_288;nb_pers_day_u_289;nb_pers_arr_290;nb_pers_dep_291;nb_pers_ann_292;nb_pers_noshow_293;nb_chb_day_u_294;nb_chb_arr_295;nb_chb_dep_296;nb_chb_ann_297;nb_chb_noshow_298;revenu_net_chambre_299;revenu_taxe_chambre_300;revenu_net_chambre_global_301;revenu_taxe_chambre_global_302;revenu_net_bq_303;revenu_taxe_bq_304;revenu_net_bq_global_305;revenu_taxe_bq_global_306;revenu_net_extra_307;revenu_taxe_extra_308;revenu_net_extra_global_309;revenu_taxe_extra_global_310
1;25774;unkempt apud;2618;equal;waterlogged actually hierarchy;qua yearly diligently;default;4541;14366;24096;1213;canine overemphasize;8795;4360;20361;replicate needily lanky;juice uh-huh;2024-04-18;2024-04-18;2024-04-18;2024-04-18;2024-04-18;jumbo as;30540;with since;authentic;chide;however;zowie afterwards;notwithstanding woot price;deconsecrate;chat tusk ick;inasmuch happily;playfully um ex-husband;ordain rarely;ouch plump hmph;blah bah reclassify;yet predecessor abaft;aha;by apropos starry;frantically;that out gah;blissfully less recklessly;calmly whoever appetite;layer;over unused grimy;aw;onto mid by;whose impeccable smug;which defy spherical;verse;only;slather opposite now;circa premiere with;a a lonely;badly hm once;2024-04-18;2024-04-18;2024-04-18;why;2024-04-18;if;2024-04-18;but boohoo or;11221;21598;22381;13388;provided as;7435;27421;7506;22914;21673;14105;9715;13511;10272;6964;5073;28809;28002;10135;15090;24153;6186;19936;18075;31340;18199;11754;5819;19061;14957;10045;11110;4237;19647;31225;20757;28396;11971;12808;12078;22873;2024-04-18;2024-04-18;17755;vandalise tweet;29102;kissingly;meh precedent launch;an;parenting round;11883;23897;10346;23654;down;18594;6063;18299;derby;times;2024-04-18;2024-04-17;2024-04-18;2024-04-18;2024-04-18;square spectacular electronics;20455;fathom duh;descend;credit fly hopelessly;yuck;gymnastics;thorny ragged crowd;liquidize;unless goad resect;safely desert;gullible;aha;for yet;obsidian;yet;stuff but er;furiously behind;silent yahoo impeccable;sunroom fake;the confused meanwhile;imperfect brake;sarcastic;incidentally whereas fray;attractive;until accord cake;notwithstanding thick;about misdiagnose;lovely crib pish;pass dictator whenever;pardon;pish prejudice snowboarding;oh;hm wiseguy;2024-04-18;2024-04-18;2024-04-17;how oof;2024-04-18;powerfully;2024-04-18;whine now;26834;6912;32374;32441;triple precedence;28209;2584;5733;22215;1123;11579;32679;2276;16046;8814;15769;6834;22166;30561;3836;30456;29249;18644;27155;19887;18846;1060;20934;23157;6867;9805;5665;9304;25351;14841;17209;27299;23408;32320;26858;17826;2024-04-18;2024-04-18;21004;upbeat generously gear;9635;hm;supposing;boo whispered after;apud casualty humiliating;21820;22160;3570;30061;tick before underneath;6907;12157;5151;hasty;aside sidewalk mouth;2024-04-18;2024-04-18;2024-04-18;2024-04-18;2024-04-17;from knitting frightfully;22829;brilliant;fate since;true politely peaceful;secondary;excitable gleaming during;strictly seemingly;this inasmuch;unto;weekender indeed;meh cathedral ravage;yippee gee;till besides;indeed;boo formula impassioned;too memorable;crushing nor;since psst loose;aggressive smile equally;rouge;ew;smug um oof;physically absolute reckless;papaya suspiciously even;slowly;ruck communication;wow delightfully wearily;eek ew yuck;adept pfft;pawn incidentally hour;phooey;transmission;collide mostly equip;2024-04-18;2024-04-18;2024-04-18;exacerbate;2024-04-18;than pruner redirect;2024-04-18;yowza aware hmph;14985;23957;15558;23397;opponent;14905;10996;13939;28519;29310;3656;3417;15446;27968;17544;20456;10063;16809;12864;14705;20257;30421;20433;18926;3238;12813;19152;16791;12240;11701;9866;6025
2;18154;edible leaker;28827;ah excluding bay;high-level across;geez;abaft;27577;32271;25150;13072;irrigation patiently;15092;4241;30423;what;enormously;2024-04-17;2024-04-18;2024-04-18;2024-04-18;2024-04-18;stable when chronometer;5407;pixellate unnecessarily swim;suburban;law keenly;where upset pfft;appropriate;aside counterpoint purple;meaningfully rewarding propitiate;vice;negligible;where brr and;flimsy;ha handsome;the glint;pro;yahoo readily voluntarily;identity;defiantly yowza;onto;huge peer;lest;slope;worth rigidly similar;boo;whoa until;recruit besides geez;satirise boastfully ha;muffled;yet what boring;crowded amid;nearly;horror remind athwart;drum;2024-04-18;2024-04-18;2024-04-18;brightly;2024-04-18;fence;2024-04-18;cartload;31389;6998;6648;25791;do;25723;24464;31201;74;10447;26962;30832;29249;3790;2975;4334;31976;14883;938;32070;31164;1187;14820;10309;7958;17526;24056;25928;561;19433;17652;9882;3709;22189;12674;25466;11220;4128;25745;20280;13773;2024-04-18;2024-04-17;1689;scientific;4699;plump;automatic gosh;against;eel lest;7353;29796;2021;2258;yowza candid however;28088;25188;28745;warmly;wisely oddly;2024-04-18;2024-04-18;2024-04-18;2024-04-18;2024-04-18;outfox verbally as;21696;brr route gosh;benchmark;via bribery remove;blemish;fluctuate glass;justly pish without;how unsightly consequently;following canonize community;truck;for woot;filing boastfully;phew vague whose;wonderfully;while absent loosely;zoom;unlike aboard potato;rotating;gee;uselessly and whoa;excepting yum lamp;occasion;between wherever;consequently tangerine;ornament;heavy jumble;apropos fooey;hence;used gosh transpose;bleakly tattered;bowling supposing;ransom how;scenario echidna energetic;2024-04-18;2024-04-17;2024-04-17;playfully aw palm;2024-04-17;consensus jealous;2024-04-18;industry pricey;17153;12813;32639;29991;christen often;27611;29228;11164;14472;16810;10353;7944;3110;30388;23743;3300;24240;16293;8261;6554;7664;3155;13384;17017;24575;18693;13177;31147;29875;30699;12171;16428;31495;15326;21043;18529;19682;16111;14415;10170;32391;2024-04-18;2024-04-18;15822;so onto;32252;whose;kindheartedly beneath;career pish truthful;so;2817;26867;15108;20917;even pro;25615;23144;25517;first;where tent elegantly;2024-04-18;2024-04-17;2024-04-18;2024-04-18;2024-04-18;gah;24077;since accommodation solemnly;overcook separation;yum the accurate;dreamily;ha inside;how;gleefully once;drinking loosely gee;punctually;internalise skedaddle bland;flood undershirt redefine;afterwards mercerise plus;at consequently anenst;majestically;midst;boiling likely castanet;urge lost;given by or;rightfully;mortally jovially;pace;fervently heart-throb;lest photography toward;gee;decimate;puff controller;aboard;even appal;blah fault;unto lest;woot;lest terribly;2024-04-18;2024-04-18;2024-04-18;impropriety;2024-04-18;big;2024-04-18;limestone despite;28965;12445;6259;23258;canalize;9337;745;31845;6420;6773;11986;19088;9743;28947;16859;21688;19961;28842;20000;20280;26738;16746;13475;31706;8165;31556;24269;22551;18342;21037;6428;20908
3;19095;anenst;9552;gee;how;boo flirt hybridize;upwardly than;32420;21714;24440;15843;powerfully astride bewitched;24871;9522;1791;gosh wherever spoon;clobber;2024-04-18;2024-04-18;2024-04-18;2024-04-18;2024-04-18;shiny abaft boohoo;2096;sans;hmph below;where dreamily sorrowful;that near;over sans toward;wherever diphthongise fervently;whoever;sympathetically incidentally;blaring;like boat;over;declination music-making;trim while while;instead melodic;where yet;through macadamia drat;section around plus;yahoo mid majestically;besides drat;reluctantly round;geez zowie;urgently hexagon;adolescent out;ack because;geez who;layer absent logo;drat knowledgeable;boatload;berry vivid;blissfully;whoever bartender flake;dispatch quarrelsomely really;2024-04-18;2024-04-18;2024-04-18;desert why but;2024-04-18;sans onto;2024-04-18;delightful hoarse;30508;32517;20298;6251;oof;27539;8071;2896;3478;25668;20046;6809;9983;342;8819;30003;27288;21721;536;27;20520;21168;25850;27332;17473;27949;20255;2220;13174;24451;17495;15840;21987;11585;12357;16644;30667;2049;21313;27645;21780;2024-04-18;2024-04-17;14534;essence astride;28200;even;thankful shakedown geez;cleverly whenever bronco;worth before yet;4261;18954;25255;27962;pish provided when;2133;12264;15732;caw;partially;2024-04-18;2024-04-18;2024-04-17;2024-04-18;2024-04-18;after;30446;phew favorable;er enormous;above hourly;license pork;yuck if er;times pass;countermand ick;alongside how lunch;squash;hmph gadzooks before;standing yogurt even;squirt legal;alongside doubtfully boo;yawning interesting;disinvest;oddly familiar;kindly realm;chess through;sneakers delightfully;circa rudely;avert;unequaled;safe woot;although when ah;excitement ruminate limp;enormously unsung ouch;for as beyond;virtual suet um;gently past;premium trudge snicker;likewise scrap lumbering;demonise triumphantly;2024-04-18;2024-04-18;2024-04-18;afterwards;2024-04-18;armpit hot whoever;2024-04-18;quaver square;19388;28925;16120;4438;eek anenst house;11876;13784;25057;32002;15188;1751;21996;11205;25438;26667;17046;18527;1119;1765;22437;29974;6902;21855;11010;8280;29784;229;24491;10089;32502;17203;24950;19162;3601;31874;29880;31023;4411;5135;30960;854;2024-04-18;2024-04-18;21907;subroutine to toil;9086;alloy messy;uselessly debit ugh;intentional veterinarian itemize;worst;9002;2841;31806;3332;separate;19090;10448;20925;whoever and frantically;advocate;2024-04-18;2024-04-18;2024-04-17;2024-04-18;2024-04-18;gadzooks;9677;tuber;as;even quarterly woot;thankfully;workout;bikini;though thankfully;behave wicked haste;sometimes fooey;humble inset along;redeem blah;altruistic ew;aw discredit like;however;precis;zowie or;nimble untidy mode;nutty at pish;yahoo with mean;across nor;hunger essay;hence;thoroughly;marshmallow;administrator to;exercise;gladly cool ah;sorrowful;zealous;whereas;inability actually yellow;drinking ptarmigan;2024-04-18;2024-04-18;2024-04-18;tough frogmarch;2024-04-18;calf;2024-04-18;ugh;22317;32065;10833;14593;till absent;4472;20053;174;19311;31235;23568;22333;17413;7065;2314;13248;3007;32178;29073;3303;4524;12978;27404;21479;31630;4236;16115;2442;13195;8047;8204;24760
4;10370;armpit;31703;vigorous indolent mid;aw;blah ferociously;that provided;27830;29367;24487;18261;once;22234;3334;5175;restfully angelic;buggy heavily wet;2024-04-18;2024-04-18;2024-04-18;2024-04-18;2024-04-18;hence;4665;tonify betray now;plus organic;gosh;boohoo inveigh dry;beside since incidentally;sow finally wink;unnaturally phooey discharge;hector pancake diction;yippee hmph anti;provided watchful who;fiesta off;revitalise hmph;knobby;vivaciously chino;meanwhile suspenders;meh despite;waken underneath;ha fertilize;psst presume that;instead;vein;up;excitedly tune-up how;for;faithful mid beneath;plasticize unimportant openly;now lead hack;fortunate unwilling;muffle thoroughly;elm fillet via;another;booking;2024-04-18;2024-04-18;2024-04-18;vainly boo;2024-04-18;yet as;2024-04-17;via mercerise curb;14496;26983;10311;13095;counter jittery;30441;24318;32422;4011;25056;14856;23360;30918;4800;27489;7032;5267;4011;17560;15744;6771;16524;26425;22830;21350;30289;194;10563;20022;2914;3683;2281;23337;467;26324;18046;32267;26259;32744;1501;11000;2024-04-18;2024-04-18;17084;before clinch;7175;expertise murky;definite;authenticate;powerful jovially;32622;24779;26113;28818;sunflower;1705;14953;32307;underpay phew fast;wherever since;2024-04-18;2024-04-18;2024-04-18;2024-04-18;2024-04-18;lovingly confusion incidentally;20951;once wallop meh;from lest what;round slump;gosh suppression boohoo;finished;cartwheel sweetly circa;tower;whoever bewitched sag;zowie ornate short;consequently sweetly complete;whose jovially;aside turbulent;devoted duh;hook yearly;phew;shocked colorfully;laparoscope ick avaricious;gauge;full whereas littleneck;meanwhile;wig mortally;agile nor blah;to delude;yowza helplessly;behind sharply nor;behind puggle ferment;alongside;amidst cheerfully furthermore;around;than pointless supposing;pat save;confiscate;2024-04-18;2024-04-18;2024-04-18;if fooey;2024-04-17;athwart;2024-04-17;ragged;24472;6526;2397;13736;versus;121;9722;23595;21942;14458;973;29525;22924;31533;11974;18074;10957;3158;8939;27551;26700;5139;1195;24286;15802;4058;12395;24966;21473;21991;21413;25035;4041;19214;1489;11886;29903;75;20121;15542;14238;2024-04-18;2024-04-18;14227;aw near overconfidently;31771;concerning lest pish;phew whoever silently;spaghetti reproachfully;offensively;8742;3198;27528;26566;barring recliner;5177;3451;22242;vacantly piety sequence;well-worn correctly;2024-04-18;2024-04-17;2024-04-18;2024-04-18;2024-04-18;muted encourage about;791;slimy wink;press;boohoo;denominator mostly;daintily;fictionalise;during;until;bunt political fooey;affect;forenenst tie;incentivize;aha eventually that;fooey;blindly sick pfft;tired whoa;incense relieved;waltz darken whereas;contrive mechanically;member;upstairs stole disgrace;boo crook commission;paramecium splatter swimsuit;high-level ick;over;gee suss;for;hundred;few seldom drat;hm;rosy;however;2024-04-18;2024-04-18;2024-04-18;till;2024-04-18;rename abnegate;2024-04-18;best selfishly leaf;27916;13659;1438;29201;unto;9445;21074;18755;3193;27174;3330;22986;20662;578;12156;2039;19237;26294;19262;7136;682;32302;17913;24117;21851;5337;11663;704;29451;3858;4984;20909
5;21073;roughly however incense;8712;readily harbor;finally out sweltering;indeed resemblance;yum;19646;30955;25532;9301;excluding though mmm;20428;23812;23299;newspaper clip;shoehorn many;2024-04-17;2024-04-18;2024-04-18;2024-04-18;2024-04-18;accidentally ack;5327;sideline likewise interchange;important ew;tiny;mockingly boo grandpa;deal;versus;interesting although;down risk;apud seemingly;intently;instrument than lest;following;pfft to over;sanction that;except knowledgeably;accidentally;recklessly chemotaxis apud;aside beside lest;selfishly almost;movement kosher knottily;yearningly icy next;courtroom unless whose;blaring dearest;hone loud pickup;how minty;but resurrect oxygen;regret unscramble;midst upliftingly;save honestly once;decorate;inside furthermore;optimal supervise enormously;2024-04-17;2024-04-18;2024-04-17;upliftingly;2024-04-18;coaxingly;2024-04-18;function;27120;7846;30300;8440;ringed;19743;11346;24657;11403;27532;14076;9712;3429;12692;21133;15967;10998;334;26097;3231;13573;30323;13419;6287;1881;30887;6728;3155;14337;7837;5314;29211;27844;8379;8063;20801;31960;18508;30325;1142;3275;2024-04-18;2024-04-18;32365;highly;28824;collectivization metaphor an;at;handicap force;thunderous;31927;31538;28338;15310;ouch;14926;17720;4198;against;in imperfect ah;2024-04-18;2024-04-18;2024-04-18;2024-04-18;2024-04-17;buzzing;18091;pfft;inasmuch during;bah zowie almost;testy what;sack;ambiguity whoever fumbling;because unexpectedly;action;flowery;aha sundial;feast fob;couple estate;pompom;mine improbable vocalize;for save;goodness wing past;sometimes;craft handmade parched;criticise dogwood;milky warlike ouch;because;cadet doctrine;kookily dimpled plain;gosh;jilt;qua whose whoa;phew gaseous;how rehome per;secularise married;zowie for during;aw lest pace;sideline;2024-04-18;2024-04-18;2024-04-18;strident decisive spice;2024-04-18;vainly good;2024-04-18;please;14766;16897;22260;25503;blissfully;23173;6390;12719;9927;4486;25355;343;12736;9600;3900;14786;24563;22093;7407;21167;16077;12929;3694;23918;5908;2873;29660;28666;28694;6974;17876;13185;6972;30725;7967;30165;2549;19563;29310;19598;4166;2024-04-18;2024-04-18;20345;that blushing;22119;supposing;happy;woefully;whoever scowl impeach;9444;14642;13023;32140;near;23224;5750;2697;ultimately;frizzy meanwhile harpooner;2024-04-18;2024-04-18;2024-04-17;2024-04-17;2024-04-18;majestically which phooey;18665;beget;and furthermore;times;zowie misdirect worth;even drafty;obnoxiously;kettle computerize;elegant weakly;um eek querulous;reek in clench;lanky;hmph before uh-huh;total;media barring at;lovingly where brook;where;gauge series asphyxiate;windsurf although always;humble harm phooey;apropos;ugh schlepp;psst surgeon;lazily leer disport;quintuple over;and;psst below;jovially career;page promptly worriedly;revenue village;furthermore amend;likewise reflecting;lovely harmful;2024-04-18;2024-04-18;2024-04-18;huzzah finally;2024-04-17;basement fend;2024-04-18;limp;16777;11127;27861;29763;ha carelessly hastily;6549;9879;1691;5109;20749;29283;5263;18847;21261;17816;17715;16232;24166;10303;18596;14276;27145;20375;29861;25587;3370;13444;22330;30517;12986;25279;12752
6;1623;yowza;30682;potentially;upon;during;excepting um;32359;8880;22564;30909;abaft;14362;29333;28466;worst slushy unaccountably;conscientise;2024-04-17;2024-04-18;2024-04-18;2024-04-18;2024-04-18;fairness;4444;loaf cleverly envious;dessert;profess;boo furthermore except;telecommute an save;to zoology opposite;frightened necessary eek;whenever mechanically;though frigid excepting;amidst;natural qua;out;whenever;admission sardonic gadzooks;whoa;localise dreamily majestically;pish folk who;maximise brr;generator curiously;inwardly wrongly;defenseless ice;webbed hence who;embody seldom;whenever;rawhide hmph;why caviar;junior smoodge;furthermore;till teepee because;aw dryer salvage;frigid;bah;2024-04-18;2024-04-18;2024-04-18;supposing;2024-04-18;grieve hot;2024-04-18;excluding including clack;515;14912;443;29314;impanel;25253;25043;24942;25053;5827;29839;19998;4666;20559;4256;4032;2452;22810;2704;29291;5311;7516;26379;15105;27232;26740;20546;23927;5455;1700;15240;23589;24883;23525;17194;2028;12668;21430;31198;624;30940;2024-04-18;2024-04-18;8900;quarrelsomely solid;25111;rehospitalization boon;ultimately;reproachfully energetically;minus graduate;32363;21174;13784;31277;ha reclassify genuine;24950;9404;5286;return before;toward impassioned;2024-04-18;2024-04-18;2024-04-18;2024-04-18;2024-04-18;impish fiercely;5483;worrisome;unless waterlogged;focalize grow;seriously;adjustment inside critique;self-reliant ceramic eminent;overdevelop frizzy;holiday into given;boatyard supervisor woman;boo periodic;who from;nervously;which unpack;zowie;desert;whoever;off next;lustrous disregard gratefully;inasmuch;tranquillize request;firm;punctually;whoa;near tauten psst;like er sweet;of;around bellow;woot;powerfully;sweat;defrock;waterfront rhubarb;2024-04-18;2024-04-18;2024-04-18;throughout;2024-04-18;to;2024-04-18;gleaming yippee;9005;27162;9674;7675;absent ha solidly;16632;12465;13931;32677;17298;620;4042;2052;29600;890;13880;23075;6905;28016;12202;29598;14498;11140;27817;5321;31937;24820;11791;12180;32767;464;19206;12088;5920;32383;30987;12175;5640;10674;28557;14125;2024-04-17;2024-04-18;11446;angrily following;30226;journalism apropos;vessel;majestically versus structure;truthfully;1572;22050;25503;10108;separately briefly;28358;21295;15244;vaguely common blah;disgusting;2024-04-18;2024-04-18;2024-04-18;2024-04-17;2024-04-18;courageously;22636;inconsequential tepee;admonish apud;fisherman;shackle whoa;huzzah;legitimise even perfectly;generally contrast the;provided mockingly;curb;viciously soggy;masonry;polished spry;viciously warlord;welfare meanwhile;below generate;who enroll;gargantuan aha;raw sanction quaintly;news;who jubilant shocked;trim yum;innocently save thankfully;beside;diligently including;anenst aw overcooked;waterbed;boohoo;hmph empty manacle;quicker;deplore dearly;oh;lest;2024-04-18;2024-04-18;2024-04-18;unless carelessly anenst;2024-04-18;nor;2024-04-18;actual;14882;26786;30143;17810;noun blah;11279;27621;30996;22208;6772;20755;31245;29837;13998;17117;2559;18863;16390;32036;2720;16982;20767;24332;32576;6917;3230;20823;839;29716;19050;29340;17672
7;29770;call vice lord;28079;aw euphoric wealthy;ew since;when strictly;including spear into;1697;21685;3262;864;actually gallery near;6510;29050;8627;pick hog;limping;2024-04-18;2024-04-18;2024-04-18;2024-04-18;2024-04-18;phew plus;25985;lurch;although;yum;decision-making;baggy hugger jumble;cheerfully crossly;narrowcast geez down;yahoo unfortunately;detector aw;astride;author yuck;if casino below;on below suspect;rile;schoolhouse;mmm provided;meanwhile;past determined who;uh-huh truthful glance;ick reasonable;boastfully frosting abaft;convenience considering;bitterly nippy bypass;complement;baseboard boohoo gadzooks;leash;staid drama pace;while about throughout;even;exfoliate fillet;boohoo obsess quaintly;distorted consequently;2024-04-17;2024-04-18;2024-04-18;drug smoothly;2024-04-18;for shyly underneath;2024-04-18;suspiciously;18558;11521;31577;20855;lovable recount;30713;5924;31057;26689;27014;22257;6111;28690;23867;31317;31731;7721;13167;23960;28962;19833;21391;9451;27480;31660;24448;17617;22955;11265;13876;17615;10479;11220;5051;28915;31627;24213;18578;32365;30718;14483;2024-04-18;2024-04-18;1452;endear;18579;perky;against likewise;meh skullcap nor;than apropos finally;31835;24789;16050;6798;ah with;30684;13777;1736;premium but;or busily;2024-04-18;2024-04-17;2024-04-18;2024-04-17;2024-04-18;yieldingly;27865;hence emanate verbally;hacksaw anti flamboyant;provided;glum cheerful;gleefully eek down;than;cluttered clot happening;vastly what supplement;intersperse;huzzah under wisely;famously whereas longingly;than ferret;or geez;since retake powerless;linseed breathalyze footstep;lease amid refund;dirt noisily now;accidentally;yowza brightly;pfft jeopardize awful;equip gosh;stimulation;jam-packed adjudicate instead;enormously;muscle separately;greatly madly scarper;since;employment but gosh;once proctor;incidentally swordfish;gadzooks;unlike continually er;2024-04-18;2024-04-18;2024-04-18;survey;2024-04-18;why adjure;2024-04-18;inwardly;23945;2291;10568;1336;till;22288;30586;2045;18661;19528;10992;1272;11863;7537;31807;834;15049;23587;29626;17638;2931;12219;18194;10697;7873;5986;25359;7119;16837;11429;27893;21487;8234;1433;12557;13159;854;6478;24956;16418;8122;2024-04-18;2024-04-18;25337;common loyally;24643;athwart artistic;butane suspenders;often;beneath unsung;16495;935;27830;29389;to reproachfully;11458;15488;1540;toward notwithstanding;consequently once;2024-04-18;2024-04-18;2024-04-18;2024-04-17;2024-04-18;following;19383;ruddy;wherever affirm dryer;blindly;mmm;supposing where except;for speedily;whenever;unlike remarkable;minus borrow natural;yippee while;block aquaplane;a faucet;mushy notwithstanding;butterfly geez;inclusion eek ugh;pfft yummy cede;who instead;anenst dapper;incidentally;rightfully seldom;for furthermore madly;kissingly woot snivel;besides limply;membrane sarcastic;inside diffract but;boohoo silently;muted why if;snip;finished;typhoon;during ack;aside sail astride;2024-04-18;2024-04-18;2024-04-18;well valid;2024-04-18;optimal;2024-04-18;ouch;14754;24466;9786;22657;welcome pessimistic shallow;25590;141;8671;2727;14806;23066;22893;4890;20745;15686;9502;20972;13043;216;28919;11945;31494;26359;16136;10436;4292;19577;22752;4197;11337;21273;10984
8;12715;aside;25252;frock than to;fringe down;notation;famously bloat;26402;7634;5678;13902;input;9307;31131;15618;sleet mmm;earn ugh step-mother;2024-04-18;2024-04-18;2024-04-18;2024-04-18;2024-04-18;wisteria rapidly;7142;yippee joyously;alfalfa;wealthy;regarding;indoctrinate motionless aggravating;nor regress;land before boohoo;thumb;sparse onto refute;where borrow;convenience;lazily;boohoo;athwart provided;with among interconnect;daub rudely;brightly;watery hefty usefully;aw excepting atop;judgementally awkwardly notwithstanding;adventurously whether;pointless;fitting feeling;yum accidentally until;meanwhile;unethically;duh duh;than cleverly;growing rudely;unnaturally shoplift;kiddingly species per;woot research overshoot;2024-04-18;2024-04-18;2024-04-18;as;2024-04-18;conflict annually;2024-04-18;unknown appetiser eternity;31908;16465;10529;16680;mechanically incense how;653;19557;23751;31079;28186;9889;17743;23235;25689;21023;16286;11517;8246;29544;13292;13573;8998;24171;13201;25233;11941;2137;23158;3672;24990;25173;19040;20471;27018;24420;11327;5923;15607;26779;10311;3721;2024-04-18;2024-04-18;22571;till;27234;briskly whose;tightly;ew old frightfully;slump jumbo supposing;28701;31028;19310;15178;restfully musician;2692;29684;6609;imaginative brown;loneliness mocha gah;2024-04-18;2024-04-18;2024-04-18;2024-04-18;2024-04-18;continually instead victoriously;15683;unwilling;of;pish cornerstone;boom warmly low;neck functional;hateful stock-in-trade profitable;but;eek;than synchronise;where speedily crazy;equatorial if questionably;what;for hmph along;eek pilot disgusting;yahoo upon;westernise unfortunately redefine;ugh;absent surprise;since discharge;including;aside finally between;furthermore abolish;inasmuch;bravely remove;ultimately alarmed;gleefully diver;gargantuan;chateau;ornery rehouse;likewise excluding;flimsy contagion so;favorable;2024-04-18;2024-04-18;2024-04-18;advocate fooey;2024-04-18;urgently;2024-04-18;tremendous deliberately;9130;13404;29428;11679;gearshift;29993;12194;6402;11189;11823;18396;10886;8332;10275;12347;11055;17340;28276;20760;17779;6043;4238;23922;19461;26333;9295;26117;6792;4950;15751;26183;15338;28719;6416;17804;6301;27698;21342;29097;30261;6784;2024-04-18;2024-04-18;12909;on;5277;thwack;lyrics whose;than drat;wherever;32266;21542;9021;3779;privatise in;21626;12423;1959;why upright;ragged;2024-04-17;2024-04-18;2024-04-18;2024-04-17;2024-04-18;barrack;31189;indeed hunt;icy until including;pulley despite;lest yum indeed;fence;seemingly qua sleuth;keen vice likewise;greedily screening;bushwhack;downgrade;yahoo;although needily till;why;apropos once sedate;fan nor;leaf although;real;limp following afterwards;psst;catamaran buttery;since sweetly preselect;ugh bustle lest;supposing amass notable;yet;owlishly;because phew outside;following;finally;mysteriously upset;likewise ew meh;than pocket;wisely;2024-04-18;2024-04-18;2024-04-18;notwithstanding arctic;2024-04-18;vivacious plate fiercely;2024-04-18;smart;21615;3987;19327;17815;herbs vitality;26480;31161;7968;4376;4997;1063;25189;9672;26446;2881;15278;627;31574;8510;20675;6502;26054;27723;25390;24438;25862;12088;9597;26064;30857;18021;15676
9;4729;tart yowza;32471;disenfranchise;who blossom;ah bust lest;coyote athletics huzzah;32039;26512;18593;10309;joyfully until;22341;20070;15388;required corral boohoo;equally;2024-04-18;2024-04-18;2024-04-18;2024-04-18;2024-04-18;officially failing uneven;26894;boo whenever;incidentally;though astride when;aw;anti;when unto mosquito;ease better;onto anti;warped absent;amongst although;without apropos;till pole mid;besides softly;despite however or;yuppify uh-huh hepatitis;sophisticated unto;backdate ack lest;sleepily slowly;buffet bah;finally;finally trot transport;droopy;wannabe honeymoon in;gavel whereas nutritious;oof canine;blah querulous yummy;beneath despite;supposing pretty yippee;even nimble brightly;powerfully penalty near;salute silently epoxy;which accent;2024-04-18;2024-04-18;2024-04-17;opposite skate so;2024-04-18;than;2024-04-18;defiantly;15832;7257;28157;6360;cranky intently bond;5965;28235;13922;13401;10749;4399;7402;26526;10690;7513;6963;26138;660;6359;22702;15602;25999;17974;17939;1165;32239;16639;19528;12283;18039;6422;8361;8377;6729;24184;26108;11398;5131;16654;4446;15771;2024-04-18;2024-04-18;12858;when once wearily;538;at;regarding with woot;basic;mix;16003;4504;31537;27925;worst aw partially;184;11157;22716;angrily;blah;2024-04-18;2024-04-18;2024-04-18;2024-04-18;2024-04-18;testy appear noisily;6198;wherever;who slowly;failing;sympathetically trace;seemingly internal unique;blah possible;puzzling afore;barrel;scholarly;gadzooks pollinate;denude plough;but ace;provide lest because;compress;weary nor gah;crooked dramaturge;often embark;shred;who than;absent waterski;chime editor banquette;unfortunately sentimentalize;yippee;gargantuan scrap vilify;hoodwink safely overheat;than fritter;about blister portray;sedately veterinarian;reorganize per;giggle tempt among;owlishly towards ah;deafening ack;2024-04-18;2024-04-18;2024-04-18;failing thoughtful;2024-04-17;at enthusiastically throughout;2024-04-18;as cooperative transit;10438;6648;17741;4389;yum handmade zowie;19386;14522;15969;24588;6309;12690;27358;19035;16377;27924;27228;445;5880;32638;2101;23179;29271;14155;17156;765;6712;16267;25187;23995;16272;16817;19162;31038;12961;11472;27063;13714;25871;23860;32287;23939;2024-04-18;2024-04-18;1890;whoever;13866;speedy;blah punctually;reproachfully;mysteriously strafe;24321;25541;10634;9545;outside refute or;19333;4914;24548;finally;absentmindedly;2024-04-18;2024-04-17;2024-04-18;2024-04-18;2024-04-18;since although;23170;waterski goal beneath;above;deeply above;fondly;pfft zowie;before willfully;joshingly;ankle visit hence;till partially meanwhile;above petty;reassuringly;athwart vapid;minus nor down;past;pressroom key though;tough gosh complicity;free subordinate;daily delight hover;lest;easily afore decelerate;dental;equalize above during;which off;within;lest drat;till longingly;fast vice little;well-to-do;quirky asymmetry salon;under patronise;often;snorer provided dizzy;2024-04-18;2024-04-17;2024-04-18;network yippee towards;2024-04-18;searchingly whoever;2024-04-18;meanwhile how;636;3730;16368;29939;above;6985;1889;18760;19175;28835;3557;13712;11385;24515;4787;6849;6803;2571;27809;24870;16087;20519;28828;6964;29398;22594;18455;14918;25777;4958;30363;25023
10;23434;winding summon sweetly;13830;politics wearily;complicated;friendly fooey;painfully;20137;11949;2015;15014;soggy boo;22306;1427;29183;obnoxiously troubled;where monumental;2024-04-18;2024-04-18;2024-04-18;2024-04-18;2024-04-18;against impact;13804;separately speedily jovial;mockingly pfft;before natural irritably;rewire presell;whimsical;utilized;cultivated statistics;flesh;agile on;finally qualification gee;dwell;impure cooperate ick;into gentle;payee;considering;alongside ravage maniac;although;although flamboyant;energetic nicely;before near athwart;rarely regularize icy;barley;versus lobotomize woot;hmph outside pointless;searchingly brr koala;sad supposing;tambourine;fondly stealthily dental;gadzooks;frantically supposing far;honorable;ah;2024-04-18;2024-04-18;2024-04-17;frail;2024-04-18;gaseous deep prizefight;2024-04-18;gather commemorate accordance;23226;25608;15563;10227;how hence;20800;24398;31569;29585;4022;26231;12519;10615;18841;16548;19994;26612;28268;27551;2690;10810;30210;22601;4030;30718;7709;2593;25062;12642;23395;20334;16074;22619;16054;14972;26977;2171;22792;29140;26189;4630;2024-04-18;2024-04-18;23473;inwardly victory though;32603;enthusiastically;nifty;serenade rate;given veneer with;1405;25566;31327;32721;at mushroom;4244;30630;11727;lest;hence er;2024-04-18;2024-04-18;2024-04-18;2024-04-18;2024-04-18;rheumatism as phooey;1626;razor specify;naughty;fluffy;finally;smite cornet;vengeful crooked;past swamp;toward page;quiet ha saving;pfft whoa ew;trivialize;warped unique barring;uh-huh;stack;patentee;fooey strangle junk;toward nickname administrator;intrude;geez;mockingly firebomb;like;safely ew;past;basis;imbalance upbeat the;frequent;underground healthily rout;harsh silky;gynaecology;anti;unimpressively so;armour;2024-04-18;2024-04-18;2024-04-18;atop authority briskly;2024-04-18;while;2024-04-18;wise;26855;10443;26424;13365;whereas;23524;24948;15930;24744;16465;16778;19740;26951;7306;20184;25591;976;672;1493;5001;19997;10662;26763;194;29532;15145;5289;17977;18002;3055;24138;10481;18136;12945;30965;2188;28538;27418;28776;17078;11933;2024-04-18;2024-04-17;25163;from phew;10245;dissimulate;while scaly unnecessarily;focus;excepting;25445;7650;19312;7486;tunic dry safely;5322;19579;7780;given pretty;documentary frank curry;2024-04-18;2024-04-18;2024-04-18;2024-04-18;2024-04-18;chilly;1077;oof;sphere swiftly female;towards;exculpate authorisation hmph;forenenst schnitzel;emotional;drat internationalise undulate;belfry board;unlike yowza;onto;meanwhile yet;gah;elaborate;once counteract;determined;gosh including unkempt;stability;yahoo;ferociously though;while;seriously photo;ginger needily;jeopardise even;toy;cease but;netball ugh;phew beloved out;enfold cwtch;musculature until gently;construction circa nice;demineralise or ugh;strait depose qua;2024-04-18;2024-04-18;2024-04-18;silent geez;2024-04-18;midst for;2024-04-18;irritably cheerfully flickering;8233;19223;15506;31300;wherever lest;27918;12056;18943;27308;5044;30283;19997;30113;19697;289;26274;13363;14942;24532;3150;2103;12208;19810;25710;24210;9335;27394;6089;21226;29576;5654;13666
